graph_path;num_irred_sph;num_irred_aff;num_sph_rank_dm;num_sph_rank_d;num_aff_rank_dm;compact;finvol;time;comment

14-vinb85.coxiter;182;8;704;89;5;false;true;;
16-vinb85.coxiter;434;20;2804;313;12;false;true;;
17-vinb85.coxiter;654;56;7586;774;33;false;true;;
18-vinb14_gamma2.coxiter;;;;;;false;true;;
18-vinb77_Gamma1.coxiter;;;;;;false;true;;
18-vinb77_Gamma.coxiter;;;;;;false;true;;

d13_10.coxiter;785;583;37937;4436;236;false;true;;
p6.coxiter;27;135;648;72;27;false;true;;
p6_wythoff.coxiter;252;3180;14208;1344;636;false;true;;

4-felikson2007_5.2.1.coxiter;;;;;;true;true;;
4-felikson2007_5.2.2.coxiter;;;;;;true;true;;
4-felikson2007_5.2.3.coxiter;;;;;;true;true;;
4-felikson2007_5.2.7.coxiter;;;;;;true;true;;

cocompact/4-Bugaenko.coxiter;;;;;;true;true;;
cocompact/4-ess96-230-01.coxiter;;;;;;true;true;;
cocompact/4-ess96-230-02.coxiter;;;;;;true;true;;
cocompact/4-ess96-230-03.coxiter;;;;;;true;true;;
cocompact/4-ess96-230-04.coxiter;;;;;;true;true;;
cocompact/4-ess96-230-05.coxiter;;;;;;true;true;;
cocompact/4-ess96-230-06.coxiter;;;;;;true;true;;
cocompact/4-ess96-230-07.coxiter;;;;;;true;true;;
cocompact/4-ftz07_187_01.coxiter;;;;;;true;true;;
cocompact/4-ftz07_187_02.coxiter;;;;;;true;true;;
cocompact/4-ftz07_187_03.coxiter;;;;;;true;true;;
cocompact/4-ftz07_187_04.coxiter;;;;;;true;true;;
cocompact/4-ftz07_187_05.coxiter;;;;;;true;true;;
cocompact/4-ftz07_187_06.coxiter;;;;;;true;true;;
cocompact/4-ftz07_187_07.coxiter;;;;;;true;true;;
cocompact/4-ftz07_187_08.coxiter;;;;;;true;true;;
cocompact/4-ftz07_187_09.coxiter;;;;;;true;true;;
cocompact/4-ftz07_187_10.coxiter;;;;;;true;true;;
cocompact/4-ftz07_187_11.coxiter;;;;;;true;true;;
cocompact/4-ftz07_187_12.coxiter;;;;;;true;true;;
cocompact/4-ftz07_187_13.coxiter;;;;;;true;true;;
cocompact/5-ImHof-(5,3,3,3,5,1,1,1).coxiter;;;;;;true;true;;
cocompact/5-per09-kaplinskaya-01.coxiter;;;;;;true;true;;
cocompact/5-per09-kaplinskaya-02.coxiter;;;;;;true;true;;
cocompact/5-per09-kaplinskaya-03.coxiter;;;;;;true;true;;
cocompact/5-per09-kaplinskaya-04.coxiter;;;;;;true;true;;
cocompact/5-per09-kaplinskaya-05.coxiter;;;;;;true;true;;
cocompact/5-per09-kaplinskaya-06.coxiter;;;;;;true;true;;
cocompact/5-per09-tumarkin-01.coxiter;;;;;;true;true;;
cocompact/5-per09-tumarkin-02.coxiter;;;;;;true;true;;
cocompact/5-per09-tumarkin-03.coxiter;;;;;;true;true;;
cocompact/5-per09-tumarkin-04.coxiter;;;;;;true;true;;
cocompact/5-per09-tumarkin-05.coxiter;;;;;;true;true;;
cocompact/5-per09-tumarkin-06.coxiter;;;;;;true;true;;
cocompact/5-per09-tumarkin-07.coxiter;;;;;;true;true;;
cocompact/5-per09-tumarkin-08.coxiter;;;;;;true;true;;
cocompact/5-per09-tumarkin-09.coxiter;;;;;;true;true;;
cocompact/5-per09-tumarkin-10.coxiter;;;;;;true;true;;
cocompact/5-per09-tumarkin-11.coxiter;;;;;;true;true;;
cocompact/5-per09-tumarkin-12.coxiter;;;;;;true;true;;
cocompact/5-per09-tumarkin-13.coxiter;;;;;;true;true;;
cocompact/5-per09-tumarkin-14.coxiter;;;;;;true;true;;
cocompact/5-per09-tumarkin-15.coxiter;;;;;;true;true;;
cocompact/5-per09-tumarkin-16.coxiter;;;;;;true;true;;
cocompact/6-Bugaenko.coxiter;;;;;;true;true;;
cocompact/6-per09-tumarkin-01.coxiter;;;;;;true;true;;
cocompact/6-per09-tumarkin-02.coxiter;;;;;;true;true;;
cocompact/6-per09-tumarkin-03.coxiter;;;;;;true;true;;
cocompact/7-Bugaenko.coxiter;;;;;;true;true;;
cocompact/8-Bugaenko.coxiter;;;;;;true;true;;

Tumarkin simplices/10-tum04_12_01-k=2-l=3-drop_10.coxiter;;;;;;false;false;;
Tumarkin simplices/10-tum04_12_01-k=2-l=3-drop_12.coxiter;;;;;;false;false;;
Tumarkin simplices/10-tum04_12_01-k=2-l=3-drop_1.coxiter;;;;;;false;false;;
Tumarkin simplices/10-tum04_12_01-k=2-l=4-drop_10.coxiter;;;;;;false;false;;
Tumarkin simplices/10-tum04_12_01-k=2-l=4-drop_12.coxiter;;;;;;false;false;;
Tumarkin simplices/10-tum04_12_01-k=2-l=4-drop_1.coxiter;;;;;;false;false;;
Tumarkin simplices/10-tum04_12_01-k=3-l=3-drop_12.coxiter;;;;;;false;false;;
Tumarkin simplices/10-tum04_12_01-k=3-l=3-drop_1.coxiter;;;;;;false;false;;
Tumarkin simplices/10-tum04_12_01-k=3-l=4-drop_12.coxiter;;;;;;false;false;;
Tumarkin simplices/10-tum04_12_01-k=3-l=4-drop_1.coxiter;;;;;;false;false;;
Tumarkin simplices/10-tum04_12_01-k=4-l=3-drop_12.coxiter;;;;;;false;false;;
Tumarkin simplices/10-tum04_12_01-k=4-l=3-drop_1.coxiter;;;;;;false;false;;
Tumarkin simplices/10-tum04_12_01-k=4-l=4-drop_12.coxiter;;;;;;false;false;;
Tumarkin simplices/10-tum04_12_01-k=4-l=4-drop_1.coxiter;;;;;;false;false;;
Tumarkin simplices/11-tum04_12_01-drop_10.coxiter;;;;;;false;false;;
Tumarkin simplices/11-tum04_12_01-drop_12.coxiter;;;;;;false;false;;
Tumarkin simplices/11-tum04_12_01-drop_13.coxiter;;;;;;false;false;;
Tumarkin simplices/11-tum04_12_01-drop_1.coxiter;;;;;;false;false;;
Tumarkin simplices/11-tum04_12_02-drop_10.coxiter;;;;;;false;false;;
Tumarkin simplices/11-tum04_12_02-drop_13.coxiter;;;;;;false;false;;
Tumarkin simplices/11-tum04_12_02-drop_1.coxiter;;;;;;false;false;;
Tumarkin simplices/11-tum04_12_03-drop_10.coxiter;;;;;;false;false;;
Tumarkin simplices/11-tum04_12_03-drop_1.coxiter;;;;;;false;false;;
Tumarkin simplices/11-tum04_12_04-drop_10.coxiter;;;;;;false;false;;
Tumarkin simplices/11-tum04_12_04-drop_1.coxiter;;;;;;false;false;;
Tumarkin simplices/11-tum04_12_05-drop_10.coxiter;;;;;;false;false;;
Tumarkin simplices/11-tum04_12_05-drop_13.coxiter;;;;;;false;false;;
Tumarkin simplices/11-tum04_12_05-drop_1.coxiter;;;;;;false;false;;
Tumarkin simplices/12-tum04_12_01-drop_12.coxiter;;;;;;false;false;;
Tumarkin simplices/12-tum04_12_01-drop_13.coxiter;;;;;;false;false;;
Tumarkin simplices/12-tum04_12_01-drop_14.coxiter;;;;;;false;false;;
Tumarkin simplices/12-tum04_12_01-drop_1.coxiter;;;;;;false;false;;
Tumarkin simplices/12-tum04_12_02-drop_13.coxiter;;;;;;false;false;;
Tumarkin simplices/12-tum04_12_02-drop_1.coxiter;;;;;;false;false;;
Tumarkin simplices/13-tum04_13_01-drop_14.coxiter;;;;;;false;false;;
Tumarkin simplices/13-tum04_13_01-drop_15.coxiter;;;;;;false;false;;
Tumarkin simplices/13-tum04_13_01-drop_1.coxiter;;;;;;false;false;;
Tumarkin simplices/13-tum04_13_02-drop_13.coxiter;;;;;;false;false;;
Tumarkin simplices/13-tum04_13_02-drop_14.coxiter;;;;;;false;false;;
Tumarkin simplices/13-tum04_13_02-drop_15.coxiter;;;;;;false;false;;
Tumarkin simplices/13-tum04_13_02-drop_1.coxiter;;;;;;false;false;;
Tumarkin simplices/13-tum04_13_03-drop_12.coxiter;;;;;;false;false;;
Tumarkin simplices/13-tum04_13_03-drop_13.coxiter;;;;;;false;false;;
Tumarkin simplices/13-tum04_13_03-drop_14.coxiter;;;;;;false;false;;
Tumarkin simplices/13-tum04_13_03-drop_15.coxiter;;;;;;false;false;;
Tumarkin simplices/13-tum04_13_03-drop_1.coxiter;;;;;;false;false;;
Tumarkin simplices/3-tum04_07_01-k=2-l=3-m=2-n=3-drop_1.coxiter;;;;;;false;false;;
Tumarkin simplices/3-tum04_07_01-k=2-l=3-m=2-n=3-drop_3.coxiter;;;;;;false;false;;
Tumarkin simplices/3-tum04_07_01-k=2-l=3-m=2-n=4-drop_1.coxiter;;;;;;false;false;;
Tumarkin simplices/3-tum04_07_01-k=2-l=3-m=2-n=4-drop_3.coxiter;;;;;;false;false;;
Tumarkin simplices/3-tum04_07_01-k=2-l=3-m=3-n=3-drop_1.coxiter;;;;;;false;false;;
Tumarkin simplices/3-tum04_07_01-k=2-l=3-m=3-n=4-drop_1.coxiter;;;;;;false;false;;
Tumarkin simplices/3-tum04_07_01-k=2-l=3-m=4-n=3-drop_1.coxiter;;;;;;false;false;;
Tumarkin simplices/3-tum04_07_01-k=2-l=3-m=4-n=4-drop_1.coxiter;;;;;;false;false;;
Tumarkin simplices/3-tum04_07_01-k=2-l=4-m=2-n=3-drop_1.coxiter;;;;;;false;false;;
Tumarkin simplices/3-tum04_07_01-k=2-l=4-m=2-n=3-drop_3.coxiter;;;;;;false;false;;
Tumarkin simplices/3-tum04_07_01-k=2-l=4-m=2-n=4-drop_1.coxiter;;;;;;false;false;;
Tumarkin simplices/3-tum04_07_01-k=2-l=4-m=2-n=4-drop_3.coxiter;;;;;;false;false;;
Tumarkin simplices/3-tum04_07_01-k=2-l=4-m=3-n=3-drop_1.coxiter;;;;;;false;false;;
Tumarkin simplices/3-tum04_07_01-k=2-l=4-m=3-n=4-drop_1.coxiter;;;;;;false;false;;
Tumarkin simplices/3-tum04_07_01-k=2-l=4-m=4-n=3-drop_1.coxiter;;;;;;false;false;;
Tumarkin simplices/3-tum04_07_01-k=2-l=4-m=4-n=4-drop_1.coxiter;;;;;;false;false;;
Tumarkin simplices/3-tum04_07_01-k=3-l=3-m=2-n=3-drop_3.coxiter;;;;;;false;false;;
Tumarkin simplices/3-tum04_07_01-k=3-l=3-m=2-n=4-drop_3.coxiter;;;;;;false;false;;
Tumarkin simplices/3-tum04_07_01-k=3-l=4-m=2-n=3-drop_3.coxiter;;;;;;false;false;;
Tumarkin simplices/3-tum04_07_01-k=3-l=4-m=2-n=4-drop_3.coxiter;;;;;;false;false;;
Tumarkin simplices/3-tum04_07_01-k=4-l=3-m=2-n=3-drop_3.coxiter;;;;;;false;false;;
Tumarkin simplices/3-tum04_07_01-k=4-l=3-m=2-n=4-drop_3.coxiter;;;;;;false;false;;
Tumarkin simplices/3-tum04_07_01-k=4-l=4-m=2-n=3-drop_3.coxiter;;;;;;false;false;;
Tumarkin simplices/3-tum04_07_01-k=4-l=4-m=2-n=4-drop_3.coxiter;;;;;;false;false;;
Tumarkin simplices/3-tum04_07_02-k=5-l=2-m=2-drop_3.coxiter;;;;;;false;false;;
Tumarkin simplices/3-tum04_07_02-k=5-l=2-m=2-drop_5.coxiter;;;;;;false;false;;
Tumarkin simplices/3-tum04_07_02-k=5-l=2-m=3-drop_5.coxiter;;;;;;false;false;;
Tumarkin simplices/3-tum04_07_02-k=5-l=3-m=2-drop_3.coxiter;;;;;;false;false;;
Tumarkin simplices/3-tum04_07_02-k=5-l=4-m=2-drop_3.coxiter;;;;;;false;false;;
Tumarkin simplices/3-tum04_07_02-k=5-l=5-m=2-drop_3.coxiter;;;;;;false;false;;
Tumarkin simplices/3-tum04_07_02-k=5-l=6-m=2-drop_3.coxiter;;;;;;false;false;;
Tumarkin simplices/3-tum04_07_02-k=6-l=2-m=2-drop_3.coxiter;;;;;;false;false;;
Tumarkin simplices/3-tum04_07_02-k=6-l=2-m=2-drop_5.coxiter;;;;;;false;false;;
Tumarkin simplices/3-tum04_07_02-k=6-l=2-m=3-drop_5.coxiter;;;;;;false;false;;
Tumarkin simplices/3-tum04_07_02-k=6-l=3-m=2-drop_3.coxiter;;;;;;false;false;;
Tumarkin simplices/3-tum04_07_02-k=6-l=4-m=2-drop_3.coxiter;;;;;;false;false;;
Tumarkin simplices/3-tum04_07_02-k=6-l=5-m=2-drop_3.coxiter;;;;;;false;false;;
Tumarkin simplices/3-tum04_07_02-k=6-l=6-m=2-drop_3.coxiter;;;;;;false;false;;
Tumarkin simplices/4-tum04_07_01-k=2-l=3-drop_1.coxiter;;;;;;false;false;;
Tumarkin simplices/4-tum04_07_01-k=2-l=3-drop_4.coxiter;;;;;;false;false;;
Tumarkin simplices/4-tum04_07_01-k=2-l=3-drop_6.coxiter;;;;;;false;false;;
Tumarkin simplices/4-tum04_07_01-k=2-l=4-drop_1.coxiter;;;;;;false;false;;
Tumarkin simplices/4-tum04_07_01-k=2-l=4-drop_4.coxiter;;;;;;false;false;;
Tumarkin simplices/4-tum04_07_01-k=2-l=4-drop_6.coxiter;;;;;;false;false;;
Tumarkin simplices/4-tum04_07_01-k=3-l=3-drop_1.coxiter;;;;;;false;false;;
Tumarkin simplices/4-tum04_07_01-k=3-l=3-drop_6.coxiter;;;;;;false;false;;
Tumarkin simplices/4-tum04_07_01-k=3-l=4-drop_1.coxiter;;;;;;false;false;;
Tumarkin simplices/4-tum04_07_01-k=3-l=4-drop_6.coxiter;;;;;;false;false;;
Tumarkin simplices/4-tum04_07_01-k=4-l=3-drop_1.coxiter;;;;;;false;false;;
Tumarkin simplices/4-tum04_07_01-k=4-l=3-drop_6.coxiter;;;;;;false;false;;
Tumarkin simplices/4-tum04_07_01-k=4-l=4-drop_1.coxiter;;;;;;false;false;;
Tumarkin simplices/4-tum04_07_01-k=4-l=4-drop_6.coxiter;;;;;;false;false;;
Tumarkin simplices/4-tum04_07_02-k=2-l=3-drop_1.coxiter;;;;;;false;false;;
Tumarkin simplices/4-tum04_07_02-k=2-l=3-drop_5.coxiter;;;;;;false;false;;
Tumarkin simplices/4-tum04_07_02-k=2-l=4-drop_1.coxiter;;;;;;false;false;;
Tumarkin simplices/4-tum04_07_02-k=2-l=4-drop_5.coxiter;;;;;;false;false;;
Tumarkin simplices/4-tum04_07_02-k=3-l=3-drop_1.coxiter;;;;;;false;false;;
Tumarkin simplices/4-tum04_07_02-k=3-l=4-drop_1.coxiter;;;;;;false;false;;
Tumarkin simplices/4-tum04_07_02-k=4-l=3-drop_1.coxiter;;;;;;false;false;;
Tumarkin simplices/4-tum04_07_02-k=4-l=4-drop_1.coxiter;;;;;;false;false;;
Tumarkin simplices/4-tum04_07_03-k=2-l=3-drop_4.coxiter;;;;;;false;false;;
Tumarkin simplices/4-tum04_07_03-k=2-l=4-drop_4.coxiter;;;;;;false;false;;
Tumarkin simplices/4-tum04_07_04-k=2-drop_4.coxiter;;;;;;false;false;;
Tumarkin simplices/4-tum04_07_05-k=2-drop_1.coxiter;;;;;;false;false;;
Tumarkin simplices/4-tum04_07_05-k=2-drop_5.coxiter;;;;;;false;false;;
Tumarkin simplices/4-tum04_07_05-k=3-drop_1.coxiter;;;;;;false;false;;
Tumarkin simplices/4-tum04_07_06-k=2-l=3-drop_4.coxiter;;;;;;false;false;;
Tumarkin simplices/4-tum04_07_06-k=2-l=4-drop_4.coxiter;;;;;;false;false;;
Tumarkin simplices/4-tum04_07_06-k=2-l=5-drop_4.coxiter;;;;;;false;false;;
Tumarkin simplices/4-tum04_07_07-k=2-l=3-drop_1.coxiter;;;;;;false;false;;
Tumarkin simplices/4-tum04_07_07-k=2-l=3-drop_5.coxiter;;;;;;false;false;;
Tumarkin simplices/4-tum04_07_07-k=2-l=4-drop_1.coxiter;;;;;;false;false;;
Tumarkin simplices/4-tum04_07_07-k=2-l=4-drop_5.coxiter;;;;;;false;false;;
Tumarkin simplices/4-tum04_07_07-k=2-l=5-drop_1.coxiter;;;;;;false;false;;
Tumarkin simplices/4-tum04_07_07-k=2-l=5-drop_5.coxiter;;;;;;false;false;;
Tumarkin simplices/4-tum04_07_07-k=3-l=3-drop_1.coxiter;;;;;;false;false;;
Tumarkin simplices/4-tum04_07_07-k=3-l=4-drop_1.coxiter;;;;;;false;false;;
Tumarkin simplices/4-tum04_07_07-k=3-l=5-drop_1.coxiter;;;;;;false;false;;
Tumarkin simplices/4-tum04_07_07-k=4-l=3-drop_1.coxiter;;;;;;false;false;;
Tumarkin simplices/4-tum04_07_07-k=4-l=4-drop_1.coxiter;;;;;;false;false;;
Tumarkin simplices/4-tum04_07_07-k=4-l=5-drop_1.coxiter;;;;;;false;false;;
Tumarkin simplices/4-tum04_07_07-k=5-l=3-drop_1.coxiter;;;;;;false;false;;
Tumarkin simplices/4-tum04_07_07-k=5-l=4-drop_1.coxiter;;;;;;false;false;;
Tumarkin simplices/4-tum04_07_07-k=5-l=5-drop_1.coxiter;;;;;;false;false;;
Tumarkin simplices/5-tum04_08_01-drop_1.coxiter;;;;;;false;false;;
Tumarkin simplices/5-tum04_08_01-drop_7.coxiter;;;;;;false;false;;
Tumarkin simplices/5-tum04_08_02-drop_1.coxiter;;;;;;false;false;;
Tumarkin simplices/5-tum04_08_03-drop_1.coxiter;;;;;;false;false;;
Tumarkin simplices/5-tum04_08_04-drop_1.coxiter;;;;;;false;false;;
Tumarkin simplices/5-tum04_08_04-drop_7.coxiter;;;;;;false;false;;
Tumarkin simplices/5-tum04_08_07-drop_1.coxiter;;;;;;false;false;;
Tumarkin simplices/5-tum04_08_08-drop_1.coxiter;;;;;;false;false;;
Tumarkin simplices/5-tum04_08_08-drop_7.coxiter;;;;;;false;false;;
Tumarkin simplices/5-tum04_08_09-drop_1.coxiter;;;;;;false;false;;
Tumarkin simplices/5-tum04_08_09-drop_7.coxiter;;;;;;false;false;;
Tumarkin simplices/5-tum04_08_10-drop_7.coxiter;;;;;;false;false;;
Tumarkin simplices/5-tum04_08_11-drop_1.coxiter;;;;;;false;false;;
Tumarkin simplices/5-tum04_08_11-drop_3.coxiter;;;;;;false;false;;
Tumarkin simplices/5-tum04_08_11-drop_6.coxiter;;;;;;false;false;;
Tumarkin simplices/5-tum04_08_11-drop_7.coxiter;;;;;;false;false;;
Tumarkin simplices/5-tum04_08_12-drop_1.coxiter;;;;;;false;false;;
Tumarkin simplices/5-tum04_08_12-drop_6.coxiter;;;;;;false;false;;
Tumarkin simplices/5-tum04_08_12-drop_7.coxiter;;;;;;false;false;;
Tumarkin simplices/5-tum04_08_13-drop_1.coxiter;;;;;;false;false;;
Tumarkin simplices/5-tum04_08_13-drop_7.coxiter;;;;;;false;false;;
Tumarkin simplices/5-tum04_08_14-drop_1.coxiter;;;;;;false;false;;
Tumarkin simplices/5-tum04_08_14-drop_7.coxiter;;;;;;false;false;;
Tumarkin simplices/5-tum04_08_15-drop_1.coxiter;;;;;;false;false;;
Tumarkin simplices/5-tum04_08_15-drop_6.coxiter;;;;;;false;false;;
Tumarkin simplices/5-tum04_08_15-drop_7.coxiter;;;;;;false;false;;
Tumarkin simplices/5-tum04_08_17-drop_6.coxiter;;;;;;false;false;;
Tumarkin simplices/5-tum04_08_18-drop_6.coxiter;;;;;;false;false;;
Tumarkin simplices/5-tum04_08_20-k=2-drop_1.coxiter;;;;;;false;false;;
Tumarkin simplices/5-tum04_08_20-k=2-drop_6.coxiter;;;;;;false;false;;
Tumarkin simplices/5-tum04_08_20-k=3-drop_1.coxiter;;;;;;false;false;;
Tumarkin simplices/5-tum04_08_21-k=2-drop_1.coxiter;;;;;;false;false;;
Tumarkin simplices/5-tum04_08_21-k=2-drop_3.coxiter;;;;;;false;false;;
Tumarkin simplices/5-tum04_08_21-k=2-drop_6.coxiter;;;;;;false;false;;
Tumarkin simplices/5-tum04_08_21-k=3-drop_1.coxiter;;;;;;false;false;;
Tumarkin simplices/5-tum04_08_21-k=3-drop_3.coxiter;;;;;;false;false;;
Tumarkin simplices/5-tum04_08_22-k=2-drop_4.coxiter;;;;;;false;false;;
Tumarkin simplices/5-tum04_08_23-k=2-l=3-drop_1.coxiter;;;;;;false;false;;
Tumarkin simplices/5-tum04_08_23-k=2-l=3-drop_5.coxiter;;;;;;false;false;;
Tumarkin simplices/5-tum04_08_23-k=2-l=3-drop_7.coxiter;;;;;;false;false;;
Tumarkin simplices/5-tum04_08_23-k=2-l=4-drop_1.coxiter;;;;;;false;false;;
Tumarkin simplices/5-tum04_08_23-k=2-l=4-drop_5.coxiter;;;;;;false;false;;
Tumarkin simplices/5-tum04_08_23-k=2-l=4-drop_7.coxiter;;;;;;false;false;;
Tumarkin simplices/5-tum04_08_23-k=3-l=3-drop_1.coxiter;;;;;;false;false;;
Tumarkin simplices/5-tum04_08_23-k=3-l=3-drop_7.coxiter;;;;;;false;false;;
Tumarkin simplices/5-tum04_08_23-k=3-l=4-drop_1.coxiter;;;;;;false;false;;
Tumarkin simplices/5-tum04_08_23-k=3-l=4-drop_7.coxiter;;;;;;false;false;;
Tumarkin simplices/5-tum04_08_23-k=4-l=3-drop_1.coxiter;;;;;;false;false;;
Tumarkin simplices/5-tum04_08_23-k=4-l=3-drop_7.coxiter;;;;;;false;false;;
Tumarkin simplices/5-tum04_08_23-k=4-l=4-drop_1.coxiter;;;;;;false;false;;
Tumarkin simplices/5-tum04_08_23-k=4-l=4-drop_7.coxiter;;;;;;false;false;;
Tumarkin simplices/5-tum04_08_24-k=2-l=3-drop_5.coxiter;;;;;;false;false;;
Tumarkin simplices/5-tum04_08_24-k=2-l=4-drop_5.coxiter;;;;;;false;false;;
Tumarkin simplices/6-tum04_09_01-drop_1.coxiter;;;;;;false;false;;
Tumarkin simplices/6-tum04_09_01-drop_6.coxiter;;;;;;false;false;;
Tumarkin simplices/6-tum04_09_01-drop_7.coxiter;;;;;;false;false;;
Tumarkin simplices/6-tum04_09_01-drop_8.coxiter;;;;;;false;false;;
Tumarkin simplices/6-tum04_09_02-drop_1.coxiter;;;;;;false;false;;
Tumarkin simplices/6-tum04_09_02-drop_7.coxiter;;;;;;false;false;;
Tumarkin simplices/6-tum04_09_02-drop_8.coxiter;;;;;;false;false;;
Tumarkin simplices/6-tum04_09_03-drop_1.coxiter;;;;;;false;false;;
Tumarkin simplices/6-tum04_09_03-drop_8.coxiter;;;;;;false;false;;
Tumarkin simplices/6-tum04_09_04-drop_1.coxiter;;;;;;false;false;;
Tumarkin simplices/6-tum04_09_04-drop_8.coxiter;;;;;;false;false;;
Tumarkin simplices/6-tum04_09_05-drop_1.coxiter;;;;;;false;false;;
Tumarkin simplices/6-tum04_09_05-drop_7.coxiter;;;;;;false;false;;
Tumarkin simplices/6-tum04_09_05-drop_8.coxiter;;;;;;false;false;;
Tumarkin simplices/6-tum04_09_06-drop_7.coxiter;;;;;;false;false;;
Tumarkin simplices/6-tum04_09_06-drop_8.coxiter;;;;;;false;false;;
Tumarkin simplices/6-tum04_09_07-drop_8.coxiter;;;;;;false;false;;
Tumarkin simplices/6-tum04_09_10-drop_8.coxiter;;;;;;false;false;;
Tumarkin simplices/6-tum04_09_11-k=2-l=3-drop_1.coxiter;;;;;;false;false;;
Tumarkin simplices/6-tum04_09_11-k=2-l=3-drop_7.coxiter;;;;;;false;false;;
Tumarkin simplices/6-tum04_09_11-k=2-l=4-drop_1.coxiter;;;;;;false;false;;
Tumarkin simplices/6-tum04_09_11-k=2-l=4-drop_7.coxiter;;;;;;false;false;;
Tumarkin simplices/6-tum04_09_11-k=3-l=3-drop_1.coxiter;;;;;;false;false;;
Tumarkin simplices/6-tum04_09_11-k=3-l=4-drop_1.coxiter;;;;;;false;false;;
Tumarkin simplices/6-tum04_09_11-k=4-l=3-drop_1.coxiter;;;;;;false;false;;
Tumarkin simplices/6-tum04_09_11-k=4-l=4-drop_1.coxiter;;;;;;false;false;;
Tumarkin simplices/6-tum04_09_12-k=2-l=3-drop_1.coxiter;;;;;;false;false;;
Tumarkin simplices/6-tum04_09_12-k=2-l=3-drop_2.coxiter;;;;;;false;false;;
Tumarkin simplices/6-tum04_09_12-k=2-l=3-drop_7.coxiter;;;;;;false;false;;
Tumarkin simplices/6-tum04_09_12-k=2-l=4-drop_1.coxiter;;;;;;false;false;;
Tumarkin simplices/6-tum04_09_12-k=2-l=4-drop_2.coxiter;;;;;;false;false;;
Tumarkin simplices/6-tum04_09_12-k=2-l=4-drop_7.coxiter;;;;;;false;false;;
Tumarkin simplices/6-tum04_09_12-k=3-l=3-drop_1.coxiter;;;;;;false;false;;
Tumarkin simplices/6-tum04_09_12-k=3-l=3-drop_2.coxiter;;;;;;false;false;;
Tumarkin simplices/6-tum04_09_12-k=3-l=4-drop_1.coxiter;;;;;;false;false;;
Tumarkin simplices/6-tum04_09_12-k=3-l=4-drop_2.coxiter;;;;;;false;false;;
Tumarkin simplices/6-tum04_09_12-k=4-l=3-drop_1.coxiter;;;;;;false;false;;
Tumarkin simplices/6-tum04_09_12-k=4-l=3-drop_2.coxiter;;;;;;false;false;;
Tumarkin simplices/6-tum04_09_12-k=4-l=4-drop_1.coxiter;;;;;;false;false;;
Tumarkin simplices/6-tum04_09_12-k=4-l=4-drop_2.coxiter;;;;;;false;false;;
Tumarkin simplices/6-tum04_09_13-k=2-l=3-drop_1.coxiter;;;;;;false;false;;
Tumarkin simplices/6-tum04_09_13-k=2-l=3-drop_3.coxiter;;;;;;false;false;;
Tumarkin simplices/6-tum04_09_13-k=2-l=3-drop_4.coxiter;;;;;;false;false;;
Tumarkin simplices/6-tum04_09_13-k=2-l=3-drop_7.coxiter;;;;;;false;false;;
Tumarkin simplices/6-tum04_09_13-k=2-l=4-drop_1.coxiter;;;;;;false;false;;
Tumarkin simplices/6-tum04_09_13-k=2-l=4-drop_3.coxiter;;;;;;false;false;;
Tumarkin simplices/6-tum04_09_13-k=2-l=4-drop_4.coxiter;;;;;;false;false;;
Tumarkin simplices/6-tum04_09_13-k=2-l=4-drop_7.coxiter;;;;;;false;false;;
Tumarkin simplices/6-tum04_09_13-k=3-l=3-drop_1.coxiter;;;;;;false;false;;
Tumarkin simplices/6-tum04_09_13-k=3-l=3-drop_3.coxiter;;;;;;false;false;;
Tumarkin simplices/6-tum04_09_13-k=3-l=3-drop_4.coxiter;;;;;;false;false;;
Tumarkin simplices/6-tum04_09_13-k=3-l=4-drop_1.coxiter;;;;;;false;false;;
Tumarkin simplices/6-tum04_09_13-k=3-l=4-drop_3.coxiter;;;;;;false;false;;
Tumarkin simplices/6-tum04_09_13-k=3-l=4-drop_4.coxiter;;;;;;false;false;;
Tumarkin simplices/6-tum04_09_13-k=4-l=3-drop_1.coxiter;;;;;;false;false;;
Tumarkin simplices/6-tum04_09_13-k=4-l=3-drop_3.coxiter;;;;;;false;false;;
Tumarkin simplices/6-tum04_09_13-k=4-l=3-drop_4.coxiter;;;;;;false;false;;
Tumarkin simplices/6-tum04_09_13-k=4-l=4-drop_1.coxiter;;;;;;false;false;;
Tumarkin simplices/6-tum04_09_13-k=4-l=4-drop_3.coxiter;;;;;;false;false;;
Tumarkin simplices/6-tum04_09_13-k=4-l=4-drop_4.coxiter;;;;;;false;false;;
Tumarkin simplices/6-tum04_09_14-k=2-drop_7.coxiter;;;;;;false;false;;
Tumarkin simplices/7-tum04_10_01-drop_1.coxiter;;;;;;false;false;;
Tumarkin simplices/7-tum04_10_01-drop_2.coxiter;;;;;;false;false;;
Tumarkin simplices/7-tum04_10_01-drop_8.coxiter;;;;;;false;false;;
Tumarkin simplices/7-tum04_10_01-drop_9.coxiter;;;;;;false;false;;
Tumarkin simplices/7-tum04_10_02-drop_1.coxiter;;;;;;false;false;;
Tumarkin simplices/7-tum04_10_02-drop_2.coxiter;;;;;;false;false;;
Tumarkin simplices/7-tum04_10_02-drop_9.coxiter;;;;;;false;false;;
Tumarkin simplices/7-tum04_10_03-drop_1.coxiter;;;;;;false;false;;
Tumarkin simplices/7-tum04_10_03-drop_2.coxiter;;;;;;false;false;;
Tumarkin simplices/7-tum04_10_04-drop_1.coxiter;;;;;;false;false;;
Tumarkin simplices/7-tum04_10_04-drop_2.coxiter;;;;;;false;false;;
Tumarkin simplices/7-tum04_10_05-drop_1.coxiter;;;;;;false;false;;
Tumarkin simplices/7-tum04_10_05-drop_2.coxiter;;;;;;false;false;;
Tumarkin simplices/7-tum04_10_05-drop_9.coxiter;;;;;;false;false;;
Tumarkin simplices/7-tum04_10_06-drop_2.coxiter;;;;;;false;false;;
Tumarkin simplices/7-tum04_10_06-drop_3.coxiter;;;;;;false;false;;
Tumarkin simplices/7-tum04_10_06-drop_4.coxiter;;;;;;false;false;;
Tumarkin simplices/7-tum04_10_06-drop_8.coxiter;;;;;;false;false;;
Tumarkin simplices/7-tum04_10_06-drop_9.coxiter;;;;;;false;false;;
Tumarkin simplices/7-tum04_10_07-drop_2.coxiter;;;;;;false;false;;
Tumarkin simplices/7-tum04_10_07-drop_3.coxiter;;;;;;false;false;;
Tumarkin simplices/7-tum04_10_07-drop_4.coxiter;;;;;;false;false;;
Tumarkin simplices/7-tum04_10_07-drop_9.coxiter;;;;;;false;false;;
Tumarkin simplices/7-tum04_10_08-drop_2.coxiter;;;;;;false;false;;
Tumarkin simplices/7-tum04_10_08-drop_3.coxiter;;;;;;false;false;;
Tumarkin simplices/7-tum04_10_08-drop_4.coxiter;;;;;;false;false;;
Tumarkin simplices/7-tum04_10_09-drop_2.coxiter;;;;;;false;false;;
Tumarkin simplices/7-tum04_10_09-drop_3.coxiter;;;;;;false;false;;
Tumarkin simplices/7-tum04_10_09-drop_4.coxiter;;;;;;false;false;;
Tumarkin simplices/7-tum04_10_10-drop_2.coxiter;;;;;;false;false;;
Tumarkin simplices/7-tum04_10_10-drop_3.coxiter;;;;;;false;false;;
Tumarkin simplices/7-tum04_10_10-drop_4.coxiter;;;;;;false;false;;
Tumarkin simplices/7-tum04_10_10-drop_9.coxiter;;;;;;false;false;;
Tumarkin simplices/7-tum04_10_11-drop_1.coxiter;;;;;;false;false;;
Tumarkin simplices/7-tum04_10_11-drop_8.coxiter;;;;;;false;false;;
Tumarkin simplices/7-tum04_10_11-drop_9.coxiter;;;;;;false;false;;
Tumarkin simplices/7-tum04_10_12-drop_1.coxiter;;;;;;false;false;;
Tumarkin simplices/7-tum04_10_12-drop_9.coxiter;;;;;;false;false;;
Tumarkin simplices/7-tum04_10_13-drop_1.coxiter;;;;;;false;false;;
Tumarkin simplices/7-tum04_10_14-drop_1.coxiter;;;;;;false;false;;
Tumarkin simplices/7-tum04_10_15-drop_1.coxiter;;;;;;false;false;;
Tumarkin simplices/7-tum04_10_15-drop_9.coxiter;;;;;;false;false;;
Tumarkin simplices/7-tum04_10_16-drop_8.coxiter;;;;;;false;false;;
Tumarkin simplices/7-tum04_10_16-drop_9.coxiter;;;;;;false;false;;
Tumarkin simplices/7-tum04_10_18-drop_1.coxiter;;;;;;false;false;;
Tumarkin simplices/7-tum04_10_18-drop_7.coxiter;;;;;;false;false;;
Tumarkin simplices/7-tum04_10_18-drop_8.coxiter;;;;;;false;false;;
Tumarkin simplices/7-tum04_10_18-drop_9.coxiter;;;;;;false;false;;
Tumarkin simplices/7-tum04_10_20-drop_9.coxiter;;;;;;false;false;;
Tumarkin simplices/7-tum04_10_21-k=2-drop_1.coxiter;;;;;;false;false;;
Tumarkin simplices/7-tum04_10_21-k=2-drop_5.coxiter;;;;;;false;false;;
Tumarkin simplices/7-tum04_10_21-k=2-drop_8.coxiter;;;;;;false;false;;
Tumarkin simplices/7-tum04_10_21-k=3-drop_1.coxiter;;;;;;false;false;;
Tumarkin simplices/7-tum04_10_21-k=3-drop_5.coxiter;;;;;;false;false;;
Tumarkin simplices/7-tum04_10_22-k=2-drop_1.coxiter;;;;;;false;false;;
Tumarkin simplices/7-tum04_10_22-k=2-drop_3.coxiter;;;;;;false;false;;
Tumarkin simplices/7-tum04_10_22-k=2-drop_5.coxiter;;;;;;false;false;;
Tumarkin simplices/7-tum04_10_22-k=2-drop_9.coxiter;;;;;;false;false;;
Tumarkin simplices/7-tum04_10_22-k=3-drop_1.coxiter;;;;;;false;false;;
Tumarkin simplices/7-tum04_10_22-k=3-drop_3.coxiter;;;;;;false;false;;
Tumarkin simplices/7-tum04_10_22-k=3-drop_5.coxiter;;;;;;false;false;;
Tumarkin simplices/7-tum04_10_23-k=2-drop_9.coxiter;;;;;;false;false;;
Tumarkin simplices/8-tum04_11_01-drop_10.coxiter;;;;;;false;false;;
Tumarkin simplices/8-tum04_11_01-drop_1.coxiter;;;;;;false;false;;
Tumarkin simplices/8-tum04_11_01-drop_3.coxiter;;;;;;false;false;;
Tumarkin simplices/8-tum04_11_02-drop_10.coxiter;;;;;;false;false;;
Tumarkin simplices/8-tum04_11_02-drop_1.coxiter;;;;;;false;false;;
Tumarkin simplices/8-tum04_11_02-drop_3.coxiter;;;;;;false;false;;
Tumarkin simplices/8-tum04_11_02-drop_9.coxiter;;;;;;false;false;;
Tumarkin simplices/8-tum04_11_03-drop_10.coxiter;;;;;;false;false;;
Tumarkin simplices/8-tum04_11_03-drop_1.coxiter;;;;;;false;false;;
Tumarkin simplices/8-tum04_11_03-drop_3.coxiter;;;;;;false;false;;
Tumarkin simplices/8-tum04_11_03-drop_8.coxiter;;;;;;false;false;;
Tumarkin simplices/8-tum04_11_03-drop_9.coxiter;;;;;;false;false;;
Tumarkin simplices/8-tum04_11_04-drop_10.coxiter;;;;;;false;false;;
Tumarkin simplices/8-tum04_11_04-drop_7.coxiter;;;;;;false;false;;
Tumarkin simplices/8-tum04_11_05-drop_10.coxiter;;;;;;false;false;;
Tumarkin simplices/8-tum04_11_05-drop_7.coxiter;;;;;;false;false;;
Tumarkin simplices/8-tum04_11_05-drop_9.coxiter;;;;;;false;false;;
Tumarkin simplices/8-tum04_11_06-k=2-drop_1.coxiter;;;;;;false;false;;
Tumarkin simplices/8-tum04_11_06-k=2-drop_6.coxiter;;;;;;false;false;;
Tumarkin simplices/8-tum04_11_06-k=2-drop_9.coxiter;;;;;;false;false;;
Tumarkin simplices/8-tum04_11_06-k=3-drop_1.coxiter;;;;;;false;false;;
Tumarkin simplices/8-tum04_11_06-k=3-drop_6.coxiter;;;;;;false;false;;
Tumarkin simplices/8-tum04_11_07-drop_10.coxiter;;;;;;false;false;;
Tumarkin simplices/8-tum04_11_08-drop_10.coxiter;;;;;;false;false;;
Tumarkin simplices/8-tum04_11_08-drop_9.coxiter;;;;;;false;false;;
Tumarkin simplices/8-tum04_11_09-drop_10.coxiter;;;;;;false;false;;
Tumarkin simplices/8-tum04_11_09-drop_8.coxiter;;;;;;false;false;;
Tumarkin simplices/8-tum04_11_09-drop_9.coxiter;;;;;;false;false;;
Tumarkin simplices/8-tum04_11_10-drop_10.coxiter;;;;;;false;false;;
Tumarkin simplices/8-tum04_11_10-drop_1.coxiter;;;;;;false;false;;
Tumarkin simplices/8-tum04_11_10-drop_9.coxiter;;;;;;false;false;;
Tumarkin simplices/8-tum04_11_11-drop_10.coxiter;;;;;;false;false;;
Tumarkin simplices/8-tum04_11_11-drop_1.coxiter;;;;;;false;false;;
Tumarkin simplices/8-tum04_11_11-drop_8.coxiter;;;;;;false;false;;
Tumarkin simplices/8-tum04_11_11-drop_9.coxiter;;;;;;false;false;;
Tumarkin simplices/8-tum04_11_12-k=2-drop_10.coxiter;;;;;;false;false;;
Tumarkin simplices/8-tum04_11_12-k=2-drop_1.coxiter;;;;;;false;false;;
Tumarkin simplices/8-tum04_11_12-k=2-drop_8.coxiter;;;;;;false;false;;
Tumarkin simplices/8-tum04_11_12-k=2-drop_9.coxiter;;;;;;false;false;;
Tumarkin simplices/8-tum04_11_12-k=3-drop_10.coxiter;;;;;;false;false;;
Tumarkin simplices/8-tum04_11_12-k=3-drop_1.coxiter;;;;;;false;false;;
Tumarkin simplices/8-tum04_11_12-k=3-drop_9.coxiter;;;;;;false;false;;
Tumarkin simplices/8-tum04_11_13-k=2-drop_10.coxiter;;;;;;false;false;;
Tumarkin simplices/8-tum04_11_13-k=2-drop_1.coxiter;;;;;;false;false;;
Tumarkin simplices/8-tum04_11_13-k=2-drop_8.coxiter;;;;;;false;false;;
Tumarkin simplices/8-tum04_11_13-k=3-drop_10.coxiter;;;;;;false;false;;
Tumarkin simplices/8-tum04_11_13-k=3-drop_1.coxiter;;;;;;false;false;;
Tumarkin simplices/9-tum04_11_01-drop_11.coxiter;;;;;;false;false;;
Tumarkin simplices/9-tum04_11_01-drop_1.coxiter;;;;;;false;false;;
Tumarkin simplices/9-tum04_11_02-drop_10.coxiter;;;;;;false;false;;
Tumarkin simplices/9-tum04_11_02-drop_11.coxiter;;;;;;false;false;;
Tumarkin simplices/9-tum04_11_02-drop_1.coxiter;;;;;;false;false;;
Tumarkin simplices/9-tum04_11_03-drop_10.coxiter;;;;;;false;false;;
Tumarkin simplices/9-tum04_11_03-drop_11.coxiter;;;;;;false;false;;
Tumarkin simplices/9-tum04_11_03-drop_1.coxiter;;;;;;false;false;;
Tumarkin simplices/9-tum04_11_03-drop_9.coxiter;;;;;;false;false;;
Tumarkin simplices/9-tum04_11_04-drop_10.coxiter;;;;;;false;false;;
Tumarkin simplices/9-tum04_11_04-drop_11.coxiter;;;;;;false;false;;
Tumarkin simplices/9-tum04_11_04-drop_1.coxiter;;;;;;false;false;;
Tumarkin simplices/9-tum04_11_04-drop_2.coxiter;;;;;;false;false;;
Tumarkin simplices/9-tum04_11_05-drop_10.coxiter;;;;;;false;false;;
Tumarkin simplices/9-tum04_11_05-drop_11.coxiter;;;;;;false;false;;
Tumarkin simplices/9-tum04_11_05-drop_1.coxiter;;;;;;false;false;;
Tumarkin simplices/9-tum04_11_05-drop_2.coxiter;;;;;;false;false;;
Tumarkin simplices/9-tum04_11_05-drop_9.coxiter;;;;;;false;false;;
Tumarkin simplices/9-tum04_11_06-drop_10.coxiter;;;;;;false;false;;
Tumarkin simplices/9-tum04_11_06-drop_11.coxiter;;;;;;false;false;;
Tumarkin simplices/9-tum04_11_06-drop_1.coxiter;;;;;;false;false;;
Tumarkin simplices/9-tum04_11_06-drop_2.coxiter;;;;;;false;false;;
Tumarkin simplices/9-tum04_11_06-drop_3.coxiter;;;;;;false;false;;
Tumarkin simplices/9-tum04_11_06-drop_9.coxiter;;;;;;false;false;;
Tumarkin simplices/9-tum04_11_07-drop_11.coxiter;;;;;;false;false;;
Tumarkin simplices/9-tum04_11_07-drop_1.coxiter;;;;;;false;false;;
Tumarkin simplices/9-tum04_11_08-drop_11.coxiter;;;;;;false;false;;
Tumarkin simplices/9-tum04_11_08-drop_1.coxiter;;;;;;false;false;;
Tumarkin simplices/9-tum04_11_08-drop_9.coxiter;;;;;;false;false;;
Tumarkin simplices/9-tum04_11_09-k=2-drop_10.coxiter;;;;;;false;false;;
Tumarkin simplices/9-tum04_11_09-k=2-drop_11.coxiter;;;;;;false;false;;
Tumarkin simplices/9-tum04_11_09-k=2-drop_1.coxiter;;;;;;false;false;;
Tumarkin simplices/9-tum04_11_09-k=3-drop_11.coxiter;;;;;;false;false;;
Tumarkin simplices/9-tum04_11_09-k=3-drop_1.coxiter;;;;;;false;false;;

Tumarkin pyramids n+2/10-tum04_12_01-k=2-l=3.coxiter;;;;;;false;true;;
Tumarkin pyramids n+2/10-tum04_12_01-k=2-l=4.coxiter;;;;;;false;true;;
Tumarkin pyramids n+2/10-tum04_12_01-k=3-l=3.coxiter;;;;;;false;true;;
Tumarkin pyramids n+2/10-tum04_12_01-k=3-l=4.coxiter;;;;;;false;true;;
Tumarkin pyramids n+2/10-tum04_12_01-k=4-l=3.coxiter;;;;;;false;true;;
Tumarkin pyramids n+2/10-tum04_12_01-k=4-l=4.coxiter;;;;;;false;true;;
Tumarkin pyramids n+2/11-tum04_12_01.coxiter;;;;;;false;true;;
Tumarkin pyramids n+2/11-tum04_12_02.coxiter;;;;;;false;true;;
Tumarkin pyramids n+2/11-tum04_12_03.coxiter;;;;;;false;true;;
Tumarkin pyramids n+2/11-tum04_12_04.coxiter;;;;;;false;true;;
Tumarkin pyramids n+2/11-tum04_12_05.coxiter;;;;;;false;true;;
Tumarkin pyramids n+2/12-tum04_12_01.coxiter;;;;;;false;true;;
Tumarkin pyramids n+2/12-tum04_12_02.coxiter;;;;;;false;true;;
Tumarkin pyramids n+2/13-tum04_13_01.coxiter;;;;;;false;true;;
Tumarkin pyramids n+2/13-tum04_13_02.coxiter;;;;;;false;true;;
Tumarkin pyramids n+2/13-tum04_13_03.coxiter;;;;;;false;true;;
Tumarkin pyramids n+2/17-tum04_13_01.coxiter;;;;;;false;true;;
Tumarkin pyramids n+2/3-tum04_07_01-k=2-l=3-m=2-n=3.coxiter;;;;;;false;true;;
Tumarkin pyramids n+2/3-tum04_07_01-k=2-l=3-m=2-n=4.coxiter;;;;;;false;true;;
Tumarkin pyramids n+2/3-tum04_07_01-k=2-l=3-m=3-n=3.coxiter;;;;;;false;true;;
Tumarkin pyramids n+2/3-tum04_07_01-k=2-l=3-m=3-n=4.coxiter;;;;;;false;true;;
Tumarkin pyramids n+2/3-tum04_07_01-k=2-l=3-m=4-n=3.coxiter;;;;;;false;true;;
Tumarkin pyramids n+2/3-tum04_07_01-k=2-l=3-m=4-n=4.coxiter;;;;;;false;true;;
Tumarkin pyramids n+2/3-tum04_07_01-k=2-l=4-m=2-n=3.coxiter;;;;;;false;true;;
Tumarkin pyramids n+2/3-tum04_07_01-k=2-l=4-m=2-n=4.coxiter;;;;;;false;true;;
Tumarkin pyramids n+2/3-tum04_07_01-k=2-l=4-m=3-n=3.coxiter;;;;;;false;true;;
Tumarkin pyramids n+2/3-tum04_07_01-k=2-l=4-m=3-n=4.coxiter;;;;;;false;true;;
Tumarkin pyramids n+2/3-tum04_07_01-k=2-l=4-m=4-n=3.coxiter;;;;;;false;true;;
Tumarkin pyramids n+2/3-tum04_07_01-k=2-l=4-m=4-n=4.coxiter;;;;;;false;true;;
Tumarkin pyramids n+2/3-tum04_07_01-k=3-l=3-m=2-n=3.coxiter;;;;;;false;true;;
Tumarkin pyramids n+2/3-tum04_07_01-k=3-l=3-m=2-n=4.coxiter;;;;;;false;true;;
Tumarkin pyramids n+2/3-tum04_07_01-k=3-l=3-m=3-n=3.coxiter;;;;;;false;true;;
Tumarkin pyramids n+2/3-tum04_07_01-k=3-l=3-m=3-n=4.coxiter;;;;;;false;true;;
Tumarkin pyramids n+2/3-tum04_07_01-k=3-l=3-m=4-n=3.coxiter;;;;;;false;true;;
Tumarkin pyramids n+2/3-tum04_07_01-k=3-l=3-m=4-n=4.coxiter;;;;;;false;true;;
Tumarkin pyramids n+2/3-tum04_07_01-k=3-l=4-m=2-n=3.coxiter;;;;;;false;true;;
Tumarkin pyramids n+2/3-tum04_07_01-k=3-l=4-m=2-n=4.coxiter;;;;;;false;true;;
Tumarkin pyramids n+2/3-tum04_07_01-k=3-l=4-m=3-n=3.coxiter;;;;;;false;true;;
Tumarkin pyramids n+2/3-tum04_07_01-k=3-l=4-m=3-n=4.coxiter;;;;;;false;true;;
Tumarkin pyramids n+2/3-tum04_07_01-k=3-l=4-m=4-n=3.coxiter;;;;;;false;true;;
Tumarkin pyramids n+2/3-tum04_07_01-k=3-l=4-m=4-n=4.coxiter;;;;;;false;true;;
Tumarkin pyramids n+2/3-tum04_07_01-k=4-l=3-m=2-n=3.coxiter;;;;;;false;true;;
Tumarkin pyramids n+2/3-tum04_07_01-k=4-l=3-m=2-n=4.coxiter;;;;;;false;true;;
Tumarkin pyramids n+2/3-tum04_07_01-k=4-l=3-m=3-n=3.coxiter;;;;;;false;true;;
Tumarkin pyramids n+2/3-tum04_07_01-k=4-l=3-m=3-n=4.coxiter;;;;;;false;true;;
Tumarkin pyramids n+2/3-tum04_07_01-k=4-l=3-m=4-n=3.coxiter;;;;;;false;true;;
Tumarkin pyramids n+2/3-tum04_07_01-k=4-l=3-m=4-n=4.coxiter;;;;;;false;true;;
Tumarkin pyramids n+2/3-tum04_07_01-k=4-l=4-m=2-n=3.coxiter;;;;;;false;true;;
Tumarkin pyramids n+2/3-tum04_07_01-k=4-l=4-m=2-n=4.coxiter;;;;;;false;true;;
Tumarkin pyramids n+2/3-tum04_07_01-k=4-l=4-m=3-n=3.coxiter;;;;;;false;true;;
Tumarkin pyramids n+2/3-tum04_07_01-k=4-l=4-m=3-n=4.coxiter;;;;;;false;true;;
Tumarkin pyramids n+2/3-tum04_07_01-k=4-l=4-m=4-n=3.coxiter;;;;;;false;true;;
Tumarkin pyramids n+2/3-tum04_07_01-k=4-l=4-m=4-n=4.coxiter;;;;;;false;true;;
Tumarkin pyramids n+2/3-tum04_07_02-k=5-l=2-m=2.coxiter;;;;;;false;true;;
Tumarkin pyramids n+2/3-tum04_07_02-k=5-l=2-m=3.coxiter;;;;;;false;true;;
Tumarkin pyramids n+2/3-tum04_07_02-k=5-l=3-m=2.coxiter;;;;;;false;true;;
Tumarkin pyramids n+2/3-tum04_07_02-k=5-l=3-m=3.coxiter;;;;;;false;true;;
Tumarkin pyramids n+2/3-tum04_07_02-k=5-l=4-m=2.coxiter;;;;;;false;true;;
Tumarkin pyramids n+2/3-tum04_07_02-k=5-l=4-m=3.coxiter;;;;;;false;true;;
Tumarkin pyramids n+2/3-tum04_07_02-k=5-l=5-m=2.coxiter;;;;;;false;true;;
Tumarkin pyramids n+2/3-tum04_07_02-k=5-l=5-m=3.coxiter;;;;;;false;true;;
Tumarkin pyramids n+2/3-tum04_07_02-k=5-l=6-m=2.coxiter;;;;;;false;true;;
Tumarkin pyramids n+2/3-tum04_07_02-k=5-l=6-m=3.coxiter;;;;;;false;true;;
Tumarkin pyramids n+2/3-tum04_07_02-k=6-l=2-m=2.coxiter;;;;;;false;true;;
Tumarkin pyramids n+2/3-tum04_07_02-k=6-l=2-m=3.coxiter;;;;;;false;true;;
Tumarkin pyramids n+2/3-tum04_07_02-k=6-l=3-m=2.coxiter;;;;;;false;true;;
Tumarkin pyramids n+2/3-tum04_07_02-k=6-l=3-m=3.coxiter;;;;;;false;true;;
Tumarkin pyramids n+2/3-tum04_07_02-k=6-l=4-m=2.coxiter;;;;;;false;true;;
Tumarkin pyramids n+2/3-tum04_07_02-k=6-l=4-m=3.coxiter;;;;;;false;true;;
Tumarkin pyramids n+2/3-tum04_07_02-k=6-l=5-m=2.coxiter;;;;;;false;true;;
Tumarkin pyramids n+2/3-tum04_07_02-k=6-l=5-m=3.coxiter;;;;;;false;true;;
Tumarkin pyramids n+2/3-tum04_07_02-k=6-l=6-m=2.coxiter;;;;;;false;true;;
Tumarkin pyramids n+2/3-tum04_07_02-k=6-l=6-m=3.coxiter;;;;;;false;true;;
Tumarkin pyramids n+2/4-tum04_05_01.coxiter;;;;;;false;true;;
Tumarkin pyramids n+2/4-tum04_07_01-k=2-l=3.coxiter;;;;;;false;true;;
Tumarkin pyramids n+2/4-tum04_07_01-k=2-l=4.coxiter;;;;;;false;true;;
Tumarkin pyramids n+2/4-tum04_07_01-k=3-l=3.coxiter;;;;;;false;true;;
Tumarkin pyramids n+2/4-tum04_07_01-k=3-l=4.coxiter;;;;;;false;true;;
Tumarkin pyramids n+2/4-tum04_07_01-k=4-l=3.coxiter;;;;;;false;true;;
Tumarkin pyramids n+2/4-tum04_07_01-k=4-l=4.coxiter;;;;;;false;true;;
Tumarkin pyramids n+2/4-tum04_07_02-k=2-l=3.coxiter;;;;;;false;true;;
Tumarkin pyramids n+2/4-tum04_07_02-k=2-l=4.coxiter;;;;;;false;true;;
Tumarkin pyramids n+2/4-tum04_07_02-k=3-l=3.coxiter;;;;;;false;true;;
Tumarkin pyramids n+2/4-tum04_07_02-k=3-l=4.coxiter;;;;;;false;true;;
Tumarkin pyramids n+2/4-tum04_07_02-k=4-l=3.coxiter;;;;;;false;true;;
Tumarkin pyramids n+2/4-tum04_07_02-k=4-l=4.coxiter;;;;;;false;true;;
Tumarkin pyramids n+2/4-tum04_07_03-k=2-l=3.coxiter;;;;;;false;true;;
Tumarkin pyramids n+2/4-tum04_07_03-k=2-l=4.coxiter;;;;;;false;true;;
Tumarkin pyramids n+2/4-tum04_07_03-k=3-l=3.coxiter;;;;;;false;true;;
Tumarkin pyramids n+2/4-tum04_07_03-k=3-l=4.coxiter;;;;;;false;true;;
Tumarkin pyramids n+2/4-tum04_07_03-k=4-l=3.coxiter;;;;;;false;true;;
Tumarkin pyramids n+2/4-tum04_07_03-k=4-l=4.coxiter;;;;;;false;true;;
Tumarkin pyramids n+2/4-tum04_07_04-k=2.coxiter;;;;;;false;true;;
Tumarkin pyramids n+2/4-tum04_07_04-k=3.coxiter;;;;;;false;true;;
Tumarkin pyramids n+2/4-tum04_07_05-k=2.coxiter;;;;;;false;true;;
Tumarkin pyramids n+2/4-tum04_07_05-k=3.coxiter;;;;;;false;true;;
Tumarkin pyramids n+2/4-tum04_07_06-k=2-l=3.coxiter;;;;;;false;true;;
Tumarkin pyramids n+2/4-tum04_07_06-k=2-l=4.coxiter;;;;;;false;true;;
Tumarkin pyramids n+2/4-tum04_07_06-k=2-l=5.coxiter;;;;;;false;true;;
Tumarkin pyramids n+2/4-tum04_07_06-k=3-l=3.coxiter;;;;;;false;true;;
Tumarkin pyramids n+2/4-tum04_07_06-k=3-l=4.coxiter;;;;;;false;true;;
Tumarkin pyramids n+2/4-tum04_07_06-k=3-l=5.coxiter;;;;;;false;true;;
Tumarkin pyramids n+2/4-tum04_07_06-k=4-l=3.coxiter;;;;;;false;true;;
Tumarkin pyramids n+2/4-tum04_07_06-k=4-l=4.coxiter;;;;;;false;true;;
Tumarkin pyramids n+2/4-tum04_07_06-k=4-l=5.coxiter;;;;;;false;true;;
Tumarkin pyramids n+2/4-tum04_07_06-k=5-l=3.coxiter;;;;;;false;true;;
Tumarkin pyramids n+2/4-tum04_07_06-k=5-l=4.coxiter;;;;;;false;true;;
Tumarkin pyramids n+2/4-tum04_07_06-k=5-l=5.coxiter;;;;;;false;true;;
Tumarkin pyramids n+2/4-tum04_07_07-k=2-l=3.coxiter;;;;;;false;true;;
Tumarkin pyramids n+2/4-tum04_07_07-k=2-l=4.coxiter;;;;;;false;true;;
Tumarkin pyramids n+2/4-tum04_07_07-k=2-l=5.coxiter;;;;;;false;true;;
Tumarkin pyramids n+2/4-tum04_07_07-k=3-l=3.coxiter;;;;;;false;true;;
Tumarkin pyramids n+2/4-tum04_07_07-k=3-l=4.coxiter;;;;;;false;true;;
Tumarkin pyramids n+2/4-tum04_07_07-k=3-l=5.coxiter;;;;;;false;true;;
Tumarkin pyramids n+2/4-tum04_07_07-k=4-l=3.coxiter;;;;;;false;true;;
Tumarkin pyramids n+2/4-tum04_07_07-k=4-l=4.coxiter;;;;;;false;true;;
Tumarkin pyramids n+2/4-tum04_07_07-k=4-l=5.coxiter;;;;;;false;true;;
Tumarkin pyramids n+2/4-tum04_07_07-k=5-l=3.coxiter;;;;;;false;true;;
Tumarkin pyramids n+2/4-tum04_07_07-k=5-l=4.coxiter;;;;;;false;true;;
Tumarkin pyramids n+2/4-tum04_07_07-k=5-l=5.coxiter;;;;;;false;true;;
Tumarkin pyramids n+2/5-tum04_08_01.coxiter;;;;;;false;true;;
Tumarkin pyramids n+2/5-tum04_08_02.coxiter;;;;;;false;true;;
Tumarkin pyramids n+2/5-tum04_08_03.coxiter;;;;;;false;true;;
Tumarkin pyramids n+2/5-tum04_08_04.coxiter;;;;;;false;true;;
Tumarkin pyramids n+2/5-tum04_08_05.coxiter;;;;;;false;true;;
Tumarkin pyramids n+2/5-tum04_08_06.coxiter;;;;;;false;true;;
Tumarkin pyramids n+2/5-tum04_08_07.coxiter;;;;;;false;true;;
Tumarkin pyramids n+2/5-tum04_08_08.coxiter;;;;;;false;true;;
Tumarkin pyramids n+2/5-tum04_08_09.coxiter;;;;;;false;true;;
Tumarkin pyramids n+2/5-tum04_08_10.coxiter;;;;;;false;true;;
Tumarkin pyramids n+2/5-tum04_08_11.coxiter;;;;;;false;true;;
Tumarkin pyramids n+2/5-tum04_08_12.coxiter;;;;;;false;true;;
Tumarkin pyramids n+2/5-tum04_08_13.coxiter;;;;;;false;true;;
Tumarkin pyramids n+2/5-tum04_08_14.coxiter;;;;;;false;true;;
Tumarkin pyramids n+2/5-tum04_08_15.coxiter;;;;;;false;true;;
Tumarkin pyramids n+2/5-tum04_08_16.coxiter;;;;;;false;true;;
Tumarkin pyramids n+2/5-tum04_08_17.coxiter;;;;;;false;true;;
Tumarkin pyramids n+2/5-tum04_08_18.coxiter;;;;;;false;true;;
Tumarkin pyramids n+2/5-tum04_08_19.coxiter;;;;;;false;true;;
Tumarkin pyramids n+2/5-tum04_08_20-k=2.coxiter;;;;;;false;true;;
Tumarkin pyramids n+2/5-tum04_08_20-k=3.coxiter;;;;;;false;true;;
Tumarkin pyramids n+2/5-tum04_08_21-k=2.coxiter;;;;;;false;true;;
Tumarkin pyramids n+2/5-tum04_08_21-k=3.coxiter;;;;;;false;true;;
Tumarkin pyramids n+2/5-tum04_08_22-k=2.coxiter;;;;;;false;true;;
Tumarkin pyramids n+2/5-tum04_08_22-k=3.coxiter;;;;;;false;true;;
Tumarkin pyramids n+2/5-tum04_08_23-k=2-l=3.coxiter;;;;;;false;true;;
Tumarkin pyramids n+2/5-tum04_08_23-k=2-l=4.coxiter;;;;;;false;true;;
Tumarkin pyramids n+2/5-tum04_08_23-k=3-l=3.coxiter;;;;;;false;true;;
Tumarkin pyramids n+2/5-tum04_08_23-k=3-l=4.coxiter;;;;;;false;true;;
Tumarkin pyramids n+2/5-tum04_08_23-k=4-l=3.coxiter;;;;;;false;true;;
Tumarkin pyramids n+2/5-tum04_08_23-k=4-l=4.coxiter;;;;;;false;true;;
Tumarkin pyramids n+2/5-tum04_08_24-k=2-l=3.coxiter;;;;;;false;true;;
Tumarkin pyramids n+2/5-tum04_08_24-k=2-l=4.coxiter;;;;;;false;true;;
Tumarkin pyramids n+2/5-tum04_08_24-k=3-l=3.coxiter;;;;;;false;true;;
Tumarkin pyramids n+2/5-tum04_08_24-k=3-l=4.coxiter;;;;;;false;true;;
Tumarkin pyramids n+2/5-tum04_08_24-k=4-l=3.coxiter;;;;;;false;true;;
Tumarkin pyramids n+2/5-tum04_08_24-k=4-l=4.coxiter;;;;;;false;true;;
Tumarkin pyramids n+2/6-tum04_09_01.coxiter;;;;;;false;true;;
Tumarkin pyramids n+2/6-tum04_09_02.coxiter;;;;;;false;true;;
Tumarkin pyramids n+2/6-tum04_09_03.coxiter;;;;;;false;true;;
Tumarkin pyramids n+2/6-tum04_09_04.coxiter;;;;;;false;true;;
Tumarkin pyramids n+2/6-tum04_09_05.coxiter;;;;;;false;true;;
Tumarkin pyramids n+2/6-tum04_09_06.coxiter;;;;;;false;true;;
Tumarkin pyramids n+2/6-tum04_09_07.coxiter;;;;;;false;true;;
Tumarkin pyramids n+2/6-tum04_09_08.coxiter;;;;;;false;true;;
Tumarkin pyramids n+2/6-tum04_09_09.coxiter;;;;;;false;true;;
Tumarkin pyramids n+2/6-tum04_09_10.coxiter;;;;;;false;true;;
Tumarkin pyramids n+2/6-tum04_09_11-k=2-l=3.coxiter;;;;;;false;true;;
Tumarkin pyramids n+2/6-tum04_09_11-k=2-l=4.coxiter;;;;;;false;true;;
Tumarkin pyramids n+2/6-tum04_09_11-k=3-l=3.coxiter;;;;;;false;true;;
Tumarkin pyramids n+2/6-tum04_09_11-k=3-l=4.coxiter;;;;;;false;true;;
Tumarkin pyramids n+2/6-tum04_09_11-k=4-l=3.coxiter;;;;;;false;true;;
Tumarkin pyramids n+2/6-tum04_09_11-k=4-l=4.coxiter;;;;;;false;true;;
Tumarkin pyramids n+2/6-tum04_09_12-k=2-l=3.coxiter;;;;;;false;true;;
Tumarkin pyramids n+2/6-tum04_09_12-k=2-l=4.coxiter;;;;;;false;true;;
Tumarkin pyramids n+2/6-tum04_09_12-k=3-l=3.coxiter;;;;;;false;true;;
Tumarkin pyramids n+2/6-tum04_09_12-k=3-l=4.coxiter;;;;;;false;true;;
Tumarkin pyramids n+2/6-tum04_09_12-k=4-l=3.coxiter;;;;;;false;true;;
Tumarkin pyramids n+2/6-tum04_09_12-k=4-l=4.coxiter;;;;;;false;true;;
Tumarkin pyramids n+2/6-tum04_09_13-k=2-l=3.coxiter;;;;;;false;true;;
Tumarkin pyramids n+2/6-tum04_09_13-k=2-l=4.coxiter;;;;;;false;true;;
Tumarkin pyramids n+2/6-tum04_09_13-k=3-l=3.coxiter;;;;;;false;true;;
Tumarkin pyramids n+2/6-tum04_09_13-k=3-l=4.coxiter;;;;;;false;true;;
Tumarkin pyramids n+2/6-tum04_09_13-k=4-l=3.coxiter;;;;;;false;true;;
Tumarkin pyramids n+2/6-tum04_09_13-k=4-l=4.coxiter;;;;;;false;true;;
Tumarkin pyramids n+2/6-tum04_09_14-k=2.coxiter;;;;;;false;true;;
Tumarkin pyramids n+2/6-tum04_09_14-k=3.coxiter;;;;;;false;true;;
Tumarkin pyramids n+2/7-tum04_10_01.coxiter;;;;;;false;true;;
Tumarkin pyramids n+2/7-tum04_10_02.coxiter;;;;;;false;true;;
Tumarkin pyramids n+2/7-tum04_10_03.coxiter;;;;;;false;true;;
Tumarkin pyramids n+2/7-tum04_10_04.coxiter;;;;;;false;true;;
Tumarkin pyramids n+2/7-tum04_10_05.coxiter;;;;;;false;true;;
Tumarkin pyramids n+2/7-tum04_10_06.coxiter;;;;;;false;true;;
Tumarkin pyramids n+2/7-tum04_10_07.coxiter;;;;;;false;true;;
Tumarkin pyramids n+2/7-tum04_10_08.coxiter;;;;;;false;true;;
Tumarkin pyramids n+2/7-tum04_10_09.coxiter;;;;;;false;true;;
Tumarkin pyramids n+2/7-tum04_10_10.coxiter;;;;;;false;true;;
Tumarkin pyramids n+2/7-tum04_10_11.coxiter;;;;;;false;true;;
Tumarkin pyramids n+2/7-tum04_10_12.coxiter;;;;;;false;true;;
Tumarkin pyramids n+2/7-tum04_10_13.coxiter;;;;;;false;true;;
Tumarkin pyramids n+2/7-tum04_10_14.coxiter;;;;;;false;true;;
Tumarkin pyramids n+2/7-tum04_10_15.coxiter;;;;;;false;true;;
Tumarkin pyramids n+2/7-tum04_10_16.coxiter;;;;;;false;true;;
Tumarkin pyramids n+2/7-tum04_10_17.coxiter;;;;;;false;true;;
Tumarkin pyramids n+2/7-tum04_10_18.coxiter;;;;;;false;true;;
Tumarkin pyramids n+2/7-tum04_10_19.coxiter;;;;;;false;true;;
Tumarkin pyramids n+2/7-tum04_10_20.coxiter;;;;;;false;true;;
Tumarkin pyramids n+2/7-tum04_10_21-k=2.coxiter;;;;;;false;true;;
Tumarkin pyramids n+2/7-tum04_10_21-k=3.coxiter;;;;;;false;true;;
Tumarkin pyramids n+2/7-tum04_10_22-k=2.coxiter;;;;;;false;true;;
Tumarkin pyramids n+2/7-tum04_10_22-k=3.coxiter;;;;;;false;true;;
Tumarkin pyramids n+2/7-tum04_10_23-k=2.coxiter;;;;;;false;true;;
Tumarkin pyramids n+2/7-tum04_10_23-k=3.coxiter;;;;;;false;true;;
Tumarkin pyramids n+2/8-tum04_11_01.coxiter;;;;;;false;true;;
Tumarkin pyramids n+2/8-tum04_11_02.coxiter;;;;;;false;true;;
Tumarkin pyramids n+2/8-tum04_11_03.coxiter;;;;;;false;true;;
Tumarkin pyramids n+2/8-tum04_11_04.coxiter;;;;;;false;true;;
Tumarkin pyramids n+2/8-tum04_11_05.coxiter;;;;;;false;true;;
Tumarkin pyramids n+2/8-tum04_11_06-k=2.coxiter;;;;;;false;true;;
Tumarkin pyramids n+2/8-tum04_11_06-k=3.coxiter;;;;;;false;true;;
Tumarkin pyramids n+2/8-tum04_11_07.coxiter;;;;;;false;true;;
Tumarkin pyramids n+2/8-tum04_11_08.coxiter;;;;;;false;true;;
Tumarkin pyramids n+2/8-tum04_11_09.coxiter;;;;;;false;true;;
Tumarkin pyramids n+2/8-tum04_11_10.coxiter;;;;;;false;true;;
Tumarkin pyramids n+2/8-tum04_11_11.coxiter;;;;;;false;true;;
Tumarkin pyramids n+2/8-tum04_11_12-k=2.coxiter;;;;;;false;true;;
Tumarkin pyramids n+2/8-tum04_11_12-k=3.coxiter;;;;;;false;true;;
Tumarkin pyramids n+2/8-tum04_11_13-k=2.coxiter;;;;;;false;true;;
Tumarkin pyramids n+2/8-tum04_11_13-k=3.coxiter;;;;;;false;true;;
Tumarkin pyramids n+2/9-tum04_11_01.coxiter;;;;;;false;true;;
Tumarkin pyramids n+2/9-tum04_11_02.coxiter;;;;;;false;true;;
Tumarkin pyramids n+2/9-tum04_11_03.coxiter;;;;;;false;true;;
Tumarkin pyramids n+2/9-tum04_11_04.coxiter;;;;;;false;true;;
Tumarkin pyramids n+2/9-tum04_11_05.coxiter;;;;;;false;true;;
Tumarkin pyramids n+2/9-tum04_11_06.coxiter;;;;;;false;true;;
Tumarkin pyramids n+2/9-tum04_11_07.coxiter;;;;;;false;true;;
Tumarkin pyramids n+2/9-tum04_11_08.coxiter;;;;;;false;true;;
Tumarkin pyramids n+2/9-tum04_11_09-k=2.coxiter;;;;;;false;true;;
Tumarkin pyramids n+2/9-tum04_11_09-k=3.coxiter;;;;;;false;true;;

# I don't know why some are cocompact and not the others but that's what CoxIter says
simplices/3-jkrt_347-01-BH3.coxiter;;;;;;true;true;;
simplices/3-jkrt_347-02-J3.coxiter;;;;;;true;true;;
simplices/3-jkrt_347-03-DH3.coxiter;;;;;;true;true;;
simplices/3-jkrt_347-04-AB3.coxiter;;;;;;true;true;;
simplices/3-jkrt_347-05-K3.coxiter;;;;;;true;true;;
simplices/3-jkrt_347-06-AH3.coxiter;;;;;;true;true;;
simplices/3-jkrt_347-07-BB3.coxiter;;;;;;true;true;;
simplices/3-jkrt_347-08-BH3.coxiter;;;;;;true;true;;
simplices/3-jkrt_347-09-HH3.coxiter;;;;;;true;true;;
simplices/3-jkrt_347-10-V3.coxiter;;;;;;false;true;;
simplices/3-jkrt_347-11-R3.coxiter;;;;;;false;true;;
simplices/3-jkrt_347-12-P3.coxiter;;;;;;false;true;;
simplices/3-jkrt_347-13-BV3.coxiter;;;;;;false;true;;
simplices/3-jkrt_347-14-O3.coxiter;;;;;;false;true;;
simplices/3-jkrt_347-15-Y3.coxiter;;;;;;false;true;;
simplices/3-jkrt_347-16-HV3.coxiter;;;;;;false;true;;
simplices/3-jkrt_347-17-BP3.coxiter;;;;;;false;true;;
simplices/3-jkrt_347-18-DV3.coxiter;;;;;;false;true;;
simplices/3-jkrt_347-19-N3.coxiter;;;;;;false;true;;
simplices/3-jkrt_347-20-Z3.coxiter;;;;;;false;true;;
simplices/3-jkrt_348-21-BR3.coxiter;;;;;;false;true;;
simplices/3-jkrt_348-22-HP3.coxiter;;;;;;false;true;;
simplices/3-jkrt_348-23-AV3.coxiter;;;;;;false;true;;
simplices/3-jkrt_348-24-DP3.coxiter;;;;;;false;true;;
simplices/3-jkrt_348-25-M3.coxiter;;;;;;false;true;;
simplices/3-jkrt_348-26-VP3.coxiter;;;;;;false;true;;
simplices/3-jkrt_348-27-BV3.coxiter;;;;;;false;true;;
simplices/3-jkrt_348-28-CR3.coxiter;;;;;;false;true;;
simplices/3-jkrt_348-29-HV3.coxiter;;;;;;false;true;;
simplices/3-jkrt_348-30-VV3.coxiter;;;;;;false;true;;
simplices/3-jkrt_348-31-RR3.coxiter;;;;;;false;true;;
simplices/3-jkrt_348-32-PP3.coxiter;;;;;;false;true;;
simplices/4-jkrt_349-01-H4.coxiter;;;;;;true;true;;
simplices/4-jkrt_349-02-BH4.coxiter;;;;;;true;true;;
simplices/4-jkrt_349-03-DH4.coxiter;;;;;;true;true;;
simplices/4-jkrt_349-04-K4.coxiter;;;;;;true;true;;
simplices/4-jkrt_349-05-AF4.coxiter;;;;;;true;true;;
simplices/4-jkrt_349-06-S4.coxiter;;;;;;false;true;;
simplices/4-jkrt_349-07-R4.coxiter;;;;;;false;true;;
simplices/4-jkrt_349-08-P4.coxiter;;;;;;false;true;;
simplices/4-jkrt_349-09-O4.coxiter;;;;;;false;true;;
simplices/4-jkrt_349-10-N4.coxiter;;;;;;false;true;;
simplices/4-jkrt_349-11-M4.coxiter;;;;;;false;true;;
simplices/4-jkrt_349-12-BP4.coxiter;;;;;;false;true;;
simplices/4-jkrt_349-13-FR4.coxiter;;;;;;false;true;;
simplices/4-jkrt_349-14-DP4.coxiter;;;;;;false;true;;
simplices/5-jkrt_350-01-U5.coxiter;;;;;;false;true;;
simplices/5-jkrt_350-02-S5.coxiter;;;;;;false;true;;
simplices/5-jkrt_350-03-X5.coxiter;;;;;;false;true;;
simplices/5-jkrt_350-04-Q5.coxiter;;;;;;false;true;;
simplices/5-jkrt_350-05-R5.coxiter;;;;;;false;true;;
simplices/5-jkrt_350-06-P5.coxiter;;;;;;false;true;;
simplices/5-jkrt_350-07-O5.coxiter;;;;;;false;true;;
simplices/5-jkrt_350-08-N5.coxiter;;;;;;false;true;;
simplices/5-jkrt_350-09-AU5.coxiter;;;;;;false;true;;
simplices/5-jkrt_350-10-M5.coxiter;;;;;;false;true;;
simplices/5-jkrt_350-11-L5.coxiter;;;;;;false;true;;
simplices/5-jkrt_350-12-UR5.coxiter;;;;;;false;true;;
simplices/6-jkrt_351-01-S6.coxiter;;;;;;false;true;;
simplices/6-jkrt_351-02-Q6.coxiter;;;;;;false;true;;
simplices/6-jkrt_351-03-P6.coxiter;;;;;;false;true;;
simplices/7-jkrt_351-01-T7.coxiter;;;;;;false;true;;
simplices/7-jkrt_351-02-S7.coxiter;;;;;;false;true;;
simplices/7-jkrt_351-03-Q7.coxiter;;;;;;false;true;;
simplices/7-jkrt_351-04-P7.coxiter;;;;;;false;true;;
simplices/8-jkrt_351-01-T8.coxiter;;;;;;false;true;;
simplices/8-jkrt_351-02-S8.coxiter;;;;;;false;true;;
simplices/8-jkrt_351-03-Q8.coxiter;;;;;;false;true;;
simplices/8-jkrt_351-04-P8.coxiter;;;;;;false;true;;
simplices/9-jkrt_351-01-T9.coxiter;;;;;;false;true;;
simplices/9-jkrt_351-02-S9.coxiter;;;;;;false;true;;
simplices/9-jkrt_351-03-Q9.coxiter;;;;;;false;true;;


# values taken from CoxIter's output
3-testArithmeticity.coxiter;;;;;;false;true;;
4-felikson2007_5.2.1.coxiter;;;;;;true;true;;
4-felikson2007_5.2.2.coxiter;;;;;;true;true;;
4-felikson2007_5.2.3.coxiter;;;;;;true;true;;
4-felikson2007_5.2.7.coxiter;;;;;;true;true;;
4-PauperGamma1.coxiter;;;;;;true;true;;
4-PauperGamma2.coxiter;;;;;;true;true;;
4-PauperGamma3.coxiter;;;;;;true;true;;
4-PauperGamma4.coxiter;;;;;;false;true;;
4-zehrt09_2290.coxiter;;;;;;false;true;;
5-birectified-5-simplex.coxiter;;;;;;false;true;;
6-PauperGamma5.coxiter;;;;;;false;true;;
8-Bugaenko.coxiter;;;;;;true;true;;
10-thierryP_1-10.coxiter;;;;;;false;true;;
13-mcl11.coxiter;;;;;;false;true;;
14-vinb85.coxiter;;;;;;false;true;;
16-tum03_236.coxiter;;;;;;false;true;;
